{"cameraMode":{"drawMode":0,"name":"Shaded","section":"Shading Mode"},"sceneLighting":true,"audioPlay":false,"sceneViewState":{"m_AlwaysRefresh":false,"showFog":true,"showSkybox":true,"showFlares":true,"showImageEffects":true,"showParticleSystems":true,"showVisualEffectGraphs":true,"m_FxEnabled":true},"in2DMode":false,"pivot":{"x":0.9411153793334961,"y":7.036303997039795,"z":214.82962036132813},"rotation":{"x":0.025889381766319276,"y":-0.9646061062812805,"z":0.1034185141324997,"w":0.24127796292304994},"size":4.223933696746826,"orthographic":false}