{"cameraMode":{"drawMode":0,"name":"Shaded","section":"Shading Mode"},"sceneLighting":false,"audioPlay":false,"sceneViewState":{"m_AlwaysRefresh":false,"showFog":true,"showSkybox":false,"showFlares":true,"showImageEffects":true,"showParticleSystems":true,"showVisualEffectGraphs":true,"m_FxEnabled":true},"in2DMode":false,"pivot":{"x":0.015599966049194336,"y":1.8573997020721436,"z":175.5778045654297},"rotation":{"x":0.09327003359794617,"y":-0.8929169774055481,"z":0.21738578379154206,"w":0.38310006260871889},"size":2.3688583374023439,"orthographic":false}